Day,TempMax
2001-01-01,18.48153076
2001-01-02,20.89522705
2001-01-03,16.32412109
2001-01-04,18.12432251
2001-01-05,18.87194214
2001-01-06,19.66793213
2001-01-07,17.487146
2001-01-08,15.76177368
2001-01-09,16.83083496
2001-01-10,17.80462036
2001-01-11,17.34838257
2001-01-12,17.90603027
2001-01-13,18.05065308
2001-01-14,18.43843994
2001-01-15,18.97985229
2001-01-16,20.03325806
2001-01-17,20.72588501
2001-01-18,14.90993652
2001-01-19,14.62685547
2001-01-20,17.01497803
2001-01-21,14.92272339
2001-01-22,16.31826172
2001-01-23,17.5274292
2001-01-24,20.78243408
2001-01-25,23.20513306
2001-01-26,26.31380615
2001-01-27,25.67550049
2001-01-28,26.00029907
2001-01-29,19.7026001
2001-01-30,19.35726318
2001-01-31,20.38735352
2001-02-01,19.11773071
2001-02-02,19.18016968
2001-02-03,18.55794678
2001-02-04,18.95476685
2001-02-05,19.19869385
2001-02-06,19.63152466
2001-02-07,22.78209839
2001-02-08,18.57509766
2001-02-09,20.09362183
2001-02-10,20.96526489
2001-02-11,21.08043823
2001-02-12,19.99620972
2001-02-13,20.18563232
2001-02-14,21.31655273
2001-02-15,21.30480347
2001-02-16,22.59093628
2001-02-17,25.32991943
2001-02-18,25.28759155
2001-02-19,25.65953979
2001-02-20,26.28930054
2001-02-21,30.24715576
2001-02-22,33.62566528
2001-02-23,30.51772461
2001-02-24,24.02181396
2001-02-25,23.66155396
2001-02-26,25.96495972
2001-02-27,26.80852661
2001-02-28,24.21483765
2001-03-01,21.79949341
2001-03-02,20.90899048
2001-03-03,22.58678589
2001-03-04,20.85543213
2001-03-05,21.90389404
2001-03-06,22.53243408
2001-03-07,24.73296509
2001-03-08,28.35595093
2001-03-09,31.65380249
2001-03-10,30.96608887
2001-03-11,32.38710938
2001-03-12,34.46080933
2001-03-13,22.67247925
2001-03-14,19.79369507
2001-03-15,19.41719971
2001-03-16,21.04024658
2001-03-17,17.88234863
2001-03-18,18.69320068
2001-03-19,20.47228394
2001-03-20,21.82915649
2001-03-21,21.54613647
2001-03-22,21.70229492
2001-03-23,24.20702515
2001-03-24,24.65419922
2001-03-25,22.87093506
2001-03-26,21.62416992
2001-03-27,22.81536255
2001-03-28,23.47536621
2001-03-29,17.70308838
2001-03-30,18.50164185
2001-03-31,19.62560425
2001-04-01,23.01253662
2001-04-02,25.66732178
2001-04-03,27.19823608
2001-04-04,30.12487183
2001-04-05,29.6802002
2001-04-06,30.41515503
2001-04-07,31.82039795
2001-04-08,34.59917603
2001-04-09,29.51217041
2001-04-10,26.05062256
2001-04-11,33.2640625
2001-04-12,28.74355469
2001-04-13,24.56258545
2001-04-14,24.64464722
2001-04-15,28.67183838
2001-04-16,27.99160156
2001-04-17,34.53103027
2001-04-18,36.99459229
2001-04-19,41.59511719
2001-04-20,24.7210022
2001-04-21,24.45284424
2001-04-22,23.31862793
2001-04-23,25.80080566
2001-04-24,27.13927612
2001-04-25,29.26372681
2001-04-26,31.99361572
2001-04-27,31.99019775
2001-04-28,30.13512573
2001-04-29,31.77233276
2001-04-30,30.42357788
2001-05-01,23.31157837
2001-05-02,23.8678833
2001-05-03,23.55672607
2001-05-04,26.3723999
2001-05-05,31.07857666
2001-05-06,36.12532959
2001-05-07,37.13729248
2001-05-08,37.13045654
2001-05-09,35.268396
2001-05-10,31.17843018
2001-05-11,31.76741943
2001-05-12,32.47973022
2001-05-13,32.50966797
2001-05-14,34.45424805
2001-05-15,34.95824585
2001-05-16,35.80587158
2001-05-17,36.00362549
2001-05-18,37.32366333
2001-05-19,39.36327515
2001-05-20,40.59917603
2001-05-21,41.32573853
2001-05-22,39.50737915
2001-05-23,37.62380371
2001-05-24,36.75127563
2001-05-25,34.84536133
2001-05-26,31.8890625
2001-05-27,31.11675415
2001-05-28,31.54430542
2001-05-29,31.0440918
2001-05-30,34.0960022
2001-05-31,37.11794434
2001-06-01,36.63805542
2001-06-02,31.47280273
2001-06-03,31.77880249
2001-06-04,30.94854126
2001-06-05,33.02327881
2001-06-06,35.9493042
2001-06-07,37.36138306
2001-06-08,35.18816528
2001-06-09,34.45250854
2001-06-10,36.58648071
2001-06-11,37.03771362
2001-06-12,35.90712891
2001-06-13,35.36535034
2001-06-14,35.65322266
2001-06-15,35.94274292
2001-06-16,36.98433838
2001-06-17,36.29662476
2001-06-18,35.48531494
2001-06-19,34.34279785
2001-06-20,35.73891602
2001-06-21,37.25881348
2001-06-22,38.16842041
2001-06-23,35.76412354
2001-06-24,36.81560669
2001-06-25,38.56862793
2001-06-26,40.03856812
2001-06-27,40.68706665
2001-06-28,39.50213013
2001-06-29,42.25042114
2001-06-30,43.08358154
2001-07-01,39.63051758
2001-07-02,39.1039978
2001-07-03,38.67052612
2001-07-04,33.14577637
2001-07-05,33.48574219
2001-07-06,34.83999023
2001-07-07,38.34005127
2001-07-08,43.31295166
2001-07-09,35.61342773
2001-07-10,36.88161621
2001-07-11,35.47869263
2001-07-12,36.04833374
2001-07-13,39.12368164
2001-07-14,42.2784668
2001-07-15,41.02608643
2001-07-16,45.24639282
2001-07-17,37.60280762
2001-07-18,37.42913208
2001-07-19,38.97387085
2001-07-20,42.42913208
2001-07-21,39.99718628
2001-07-22,37.29760132
2001-07-23,37.35576782
2001-07-24,36.50414429
2001-07-25,37.70848999
2001-07-26,39.49199829
2001-07-27,43.080896
2001-07-28,46.0229126
2001-07-29,42.80706177
2001-07-30,39.02410278
2001-07-31,37.62145386
2001-08-01,38.26345215
2001-08-02,38.76101074
2001-08-03,37.22258911
2001-08-04,37.05715332
2001-08-05,36.44075928
2001-08-06,39.08028564
2001-08-07,41.08239136
2001-08-08,41.94844971
2001-08-09,39.11922607
2001-08-10,39.24291382
2001-08-11,40.23330078
2001-08-12,41.2854248
2001-08-13,39.4600769
2001-08-14,38.00078735
2001-08-15,36.41356812
2001-08-16,40.4500061
2001-08-17,42.703302
2001-08-18,44.33150635
2001-08-19,44.78103027
2001-08-20,47.05974731
2001-08-21,48.45354614
2001-08-22,49.36513672
2001-08-23,48.27297363
2001-08-24,44.50597534
2001-08-25,42.77837524
2001-08-26,43.95842896
2001-08-27,43.30614624
2001-08-28,43.27764282
2001-08-29,44.91646729
2001-08-30,43.68105469
2001-08-31,46.02318726
2001-09-01,42.13372192
2001-09-02,36.92983398
2001-09-03,38.35979614
2001-09-04,37.92217407
2001-09-05,36.40627441
2001-09-06,36.13009033
2001-09-07,35.33236084
2001-09-08,36.40133057
2001-09-09,35.46663818
2001-09-10,33.87514648
2001-09-11,33.85808716
2001-09-12,34.35024414
2001-09-13,34.28212891
2001-09-14,31.73626099
2001-09-15,31.54827271
2001-09-16,31.57512817
2001-09-17,31.67861328
2001-09-18,32.78518066
2001-09-19,32.94902954
2001-09-20,32.49944458
2001-09-21,32.93346558
2001-09-22,35.57351074
2001-09-23,35.69262085
2001-09-24,33.32955322
2001-09-25,34.96062622
2001-09-26,37.2265564
2001-09-27,35.74782715
2001-09-28,33.50002441
2001-09-29,33.3350769
2001-09-30,34.11187134
2001-10-01,35.41103516
2001-10-02,35.78817139
2001-10-03,37.42650757
2001-10-04,40.79750977
2001-10-05,30.91454468
2001-10-06,26.25371704
2001-10-07,25.04113159
2001-10-08,25.65410767
2001-10-09,25.48516235
2001-10-10,27.76723633
2001-10-11,27.16143188
2001-10-12,26.9996582
2001-10-13,27.77974854
2001-10-14,30.60738525
2001-10-15,33.01848755
2001-10-16,32.19439087
2001-10-17,29.6703125
2001-10-18,24.21633301
2001-10-19,24.26125488
2001-10-20,25.24746094
2001-10-21,27.49151001
2001-10-22,27.5050293
2001-10-23,25.88869629
2001-10-24,26.28032837
2001-10-25,29.24373779
2001-10-26,31.2350708
2001-10-27,30.81618652
2001-10-28,29.41988525
2001-10-29,33.70366821
2001-10-30,37.9460083
2001-10-31,30.96349487
2001-11-01,27.80581055
2001-11-02,26.60769043
2001-11-03,24.01699219
2001-11-04,24.82668457
2001-11-05,23.13305054
2001-11-06,21.33547363
2001-11-07,21.47496948
2001-11-08,23.02437744
2001-11-09,24.66085205
2001-11-10,24.85436401
2001-11-11,25.20897827
2001-11-12,22.67562256
2001-11-13,21.46984253
2001-11-14,23.35369263
2001-11-15,21.26885376
2001-11-16,24.49981079
2001-11-17,27.7446228
2001-11-18,27.21196899
2001-11-19,23.77669678
2001-11-20,22.94246826
2001-11-21,23.29009399
2001-11-22,23.5697876
2001-11-23,21.89528809
2001-11-24,19.93062744
2001-11-25,21.46529541
2001-11-26,20.4578186
2001-11-27,20.24407349
2001-11-28,22.64837036
2001-11-29,25.93914185
2001-11-30,25.21340332
2001-12-01,24.56847534
2001-12-02,24.99437866
2001-12-03,23.3482605
2001-12-04,24.79665527
2001-12-05,23.23748169
2001-12-06,21.93883667
2001-12-07,22.49666748
2001-12-08,22.50280151
2001-12-09,22.68535767
2001-12-10,23.00499878
2001-12-11,22.92391357
2001-12-12,21.25057373
2001-12-13,18.77922974
2001-12-14,19.39458618
2001-12-15,21.12593994
2001-12-16,20.27300415
2001-12-17,20.60088501
2001-12-18,22.66472778
2001-12-19,23.53078613
2001-12-20,23.24230347
2001-12-21,18.85744629
2001-12-22,19.01629028
2001-12-23,19.52623901
2001-12-24,20.01873169
2001-12-25,19.2340332
2001-12-26,20.21929321
2001-12-27,25.06676636
2001-12-28,27.25145874
2001-12-29,24.62740479
2001-12-30,20.86080322
2001-12-31,21.11376343
2002-01-01,20.13515625
2002-01-02,19.14055786
2002-01-03,18.03933105
2002-01-04,19.50460205
2002-01-05,16.41341553
2002-01-06,18.12774048
2002-01-07,19.11269531
2002-01-08,18.83684692
2002-01-09,19.2862793
2002-01-10,18.63359985
2002-01-11,18.38833008
2002-01-12,18.05465088
2002-01-13,19.47765503
2002-01-14,21.86654053
2002-01-15,23.96715698
2002-01-16,22.62359009
2002-01-17,17.72445068
2002-01-18,14.77272949
2002-01-19,16.03106079
2002-01-20,19.48012695
2002-01-21,20.18712769
2002-01-22,18.78289185
2002-01-23,19.51064453
2002-01-24,18.1836792
2002-01-25,19.69274292
2002-01-26,22.63585815
2002-01-27,23.98323975
2002-01-28,23.53716431
2002-01-29,24.03139648
2002-01-30,24.95403442
2002-01-31,24.79326782
2002-02-01,25.86055908
2002-02-02,26.65239868
2002-02-03,27.58757935
2002-02-04,22.19805298
2002-02-05,21.362146
2002-02-06,21.33648071
2002-02-07,21.49700317
2002-02-08,24.16567383
2002-02-09,27.85009155
2002-02-10,24.84298096
2002-02-11,20.90639648
2002-02-12,20.38564453
2002-02-13,20.38820801
2002-02-14,20.07998047
2002-02-15,21.42855225
2002-02-16,21.42199097
2002-02-17,21.10900269
2002-02-18,23.23668823
2002-02-19,27.41164551
2002-02-20,30.45070801
2002-02-21,32.24611816
2002-02-22,31.11477051
2002-02-23,19.49904785
2002-02-24,23.35109863
2002-02-25,20.51317749
2002-02-26,23.03783569
2002-02-27,22.11809692
2002-02-28,23.31365356
2002-03-01,20.30947266
2002-03-02,20.47780762
2002-03-03,20.08309326
2002-03-04,20.00237427
2002-03-05,16.75588379
2002-03-06,17.5961853
2002-03-07,18.46962891
2002-03-08,21.68340454
2002-03-09,23.3789917
2002-03-10,23.91359863
2002-03-11,24.89367065
2002-03-12,25.11742554
2002-03-13,26.24434814
2002-03-14,29.05504761
2002-03-15,24.69454346
2002-03-16,21.8428894
2002-03-17,23.60027466
2002-03-18,28.36272583
2002-03-19,29.69866333
2002-03-20,28.73464355
2002-03-21,28.98525391
2002-03-22,29.4494873
2002-03-23,29.25084839
2002-03-24,27.99080811
2002-03-25,29.3996521
2002-03-26,30.27904663
2002-03-27,25.61208496
2002-03-28,27.8243042
2002-03-29,26.09893188
2002-03-30,26.23748169
2002-03-31,25.43209229
2002-04-01,25.98964844
2002-04-02,20.66939697
2002-04-03,22.2607666
2002-04-04,22.53795776
2002-04-05,24.940271
2002-04-06,25.76882324
2002-04-07,27.3638855
2002-04-08,29.70003662
2002-04-09,32.04412231
2002-04-10,33.93114624
2002-04-11,34.06356201
2002-04-12,26.43450317
2002-04-13,25.05666504
2002-04-14,24.42901001
2002-04-15,25.1279541
2002-04-16,25.84487305
2002-04-17,30.51421509
2002-04-18,32.91164551
2002-04-19,34.20058594
2002-04-20,38.76223145
2002-04-21,37.34627686
2002-04-22,33.46355591
2002-04-23,34.22521362
2002-04-24,30.28832397
2002-04-25,29.30239258
2002-04-26,31.11647949
2002-04-27,34.19542847
2002-04-28,31.83999023
2002-04-29,34.53041992
2002-04-30,38.64669189
2002-05-01,33.96114502
2002-05-02,31.7277771
2002-05-03,30.35076294
2002-05-04,31.72231445
2002-05-05,36.19841919
2002-05-06,40.09310303
2002-05-07,34.62627563
2002-05-08,34.9734436
2002-05-09,39.75249634
2002-05-10,32.03991089
2002-05-11,29.62633667
2002-05-12,31.90325317
2002-05-13,34.17070923
2002-05-14,34.82027588
2002-05-15,33.02263794
2002-05-16,33.88128052
2002-05-17,34.8802124
2002-05-18,34.87987671
2002-05-19,33.60064087
2002-05-20,33.95665894
2002-05-21,34.79482422
2002-05-22,31.62767944
2002-05-23,31.50304565
2002-05-24,32.95595703
2002-05-25,34.46499023
2002-05-26,36.93215332
2002-05-27,39.98977051
2002-05-28,43.78286133
2002-05-29,44.77852783
2002-05-30,43.55565796
2002-05-31,38.7182251
2002-06-01,35.89077148
2002-06-02,38.48494873
2002-06-03,36.7282959
2002-06-04,35.74022827
2002-06-05,32.88988647
2002-06-06,33.09176025
2002-06-07,32.5876709
2002-06-08,32.18703613
2002-06-09,32.63222656
2002-06-10,33.4553772
2002-06-11,33.87639771
2002-06-12,35.57161865
2002-06-13,36.58355103
2002-06-14,37.85268555
2002-06-15,40.93917236
2002-06-16,40.82460938
2002-06-17,40.91240845
2002-06-18,37.23687134
2002-06-19,36.92785034
2002-06-20,38.76290283
2002-06-21,38.03518066
2002-06-22,37.31185303
2002-06-23,35.65032349
2002-06-24,34.85823975
2002-06-25,37.47384033
2002-06-26,37.66124878
2002-06-27,36.94542847
2002-06-28,38.61358032
2002-06-29,41.26531372
2002-06-30,42.27510986
2002-07-01,40.79641113
2002-07-02,40.8461853
2002-07-03,37.99764404
2002-07-04,36.55025635
2002-07-05,35.74382935
2002-07-06,37.40667114
2002-07-07,36.30907593
2002-07-08,36.48250732
2002-07-09,35.74151001
2002-07-10,34.2541748
2002-07-11,35.0206543
2002-07-12,36.01821289
2002-07-13,38.77456055
2002-07-14,36.66964111
2002-07-15,37.16854248
2002-07-16,37.04088745
2002-07-17,37.05654297
2002-07-18,38.23031006
2002-07-19,39.0369812
2002-07-20,34.12120972
2002-07-21,35.05291138
2002-07-22,36.25170288
2002-07-23,35.56084595
2002-07-24,37.47033081
2002-07-25,41.28823242
2002-07-26,43.40084229
2002-07-27,36.00618896
2002-07-28,35.78572998
2002-07-29,35.99776611
2002-07-30,40.88155518
2002-07-31,39.58550415
2002-08-01,35.70067749
2002-08-02,37.56453857
2002-08-03,39.56383667
2002-08-04,40.64650879
2002-08-05,39.82717285
2002-08-06,40.49477539
2002-08-07,40.49718628
2002-08-08,37.7602478
2002-08-09,37.66072998
2002-08-10,39.32323608
2002-08-11,38.83760986
2002-08-12,36.93990479
2002-08-13,36.6512085
2002-08-14,36.27849731
2002-08-15,38.2960144
2002-08-16,38.28353271
2002-08-17,38.44207153
2002-08-18,38.78301392
2002-08-19,39.72585449
2002-08-20,40.1737915
2002-08-21,39.27843628
2002-08-22,38.67208252
2002-08-23,37.92052612
2002-08-24,36.17666016
2002-08-25,35.49984131
2002-08-26,36.54735718
2002-08-27,36.79485474
2002-08-28,38.1632019
2002-08-29,38.8411499
2002-08-30,37.49257813
2002-08-31,32.87941895
2002-09-01,33.18630371
2002-09-02,32.99071655
2002-09-03,33.64641724
2002-09-04,34.84603271
2002-09-05,37.11187134
2002-09-06,37.81478271
2002-09-07,34.86773071
2002-09-08,36.14989624
2002-09-09,37.20272217
2002-09-10,41.11257324
2002-09-11,41.34017334
2002-09-12,33.53954468
2002-09-13,30.90212402
2002-09-14,29.49779663
2002-09-15,29.15337524
2002-09-16,27.62868652
2002-09-17,27.31166992
2002-09-18,26.9182373
2002-09-19,30.84920654
2002-09-20,32.89556274
2002-09-21,34.00368652
2002-09-22,33.83260498
2002-09-23,33.53591309
2002-09-24,33.95961914
2002-09-25,33.08486328
2002-09-26,30.8421875
2002-09-27,30.56392822
2002-09-28,33.69765625
2002-09-29,35.71032104
2002-09-30,38.23449097
2002-10-01,34.44307861
2002-10-02,29.22677002
2002-10-03,28.33254395
2002-10-04,27.83010254
2002-10-05,26.11135254
2002-10-06,27.49300537
2002-10-07,27.38182983
2002-10-08,28.50325928
2002-10-09,29.4538208
2002-10-10,31.80932007
2002-10-11,35.17400513
2002-10-12,39.12520752
2002-10-13,40.61132202
2002-10-14,38.46254883
2002-10-15,35.94658813
2002-10-16,34.30861816
2002-10-17,32.30239258
2002-10-18,31.10817871
2002-10-19,36.2239624
2002-10-20,26.72686157
2002-10-21,23.67452393
2002-10-22,21.96611938
2002-10-23,23.00933228
2002-10-24,18.36556396
2002-10-25,23.70702515
2002-10-26,22.90636597
2002-10-27,22.28222046
2002-10-28,22.64562378
2002-10-29,23.07213745
2002-10-30,27.67366943
2002-10-31,24.52367554
2002-11-01,23.44738159
2002-11-02,20.08480225
2002-11-03,22.02593384
2002-11-04,24.16881714
2002-11-05,24.37453613
2002-11-06,22.71837769
2002-11-07,25.96825562
2002-11-08,30.70647583
2002-11-09,32.90285645
2002-11-10,32.20784912
2002-11-11,30.50081787
2002-11-12,33.1291748
2002-11-13,33.63463745
2002-11-14,34.89885864
2002-11-15,33.80309448
2002-11-16,36.74221191
2002-11-17,32.48076782
2002-11-18,34.53304443
2002-11-19,32.11046753
2002-11-20,21.59853516
2002-11-21,18.54610596
2002-11-22,18.98287354
2002-11-23,19.24053345
2002-11-24,21.13063965
2002-11-25,22.68560181
2002-11-26,22.79436646
2002-11-27,20.60112915
2002-11-28,19.36715088
2002-11-29,18.5961853
2002-11-30,19.52434692
2002-12-01,20.10546265
2002-12-02,21.36867676
2002-12-03,26.8996521
2002-12-04,24.82103882
2002-12-05,18.61748657
2002-12-06,16.55901489
2002-12-07,18.04622803
2002-12-08,18.17849121
2002-12-09,19.54876099
2002-12-10,18.13952026
2002-12-11,16.18084106
2002-12-12,14.22792969
2002-12-13,15.62853394
2002-12-14,16.17855225
2002-12-15,17.93041382
2002-12-16,20.08022461
2002-12-17,20.27245483
2002-12-18,19.67702637
2002-12-19,19.78670654
2002-12-20,20.64644775
2002-12-21,24.49569092
2002-12-22,20.60830078
2002-12-23,21.32961426
2002-12-24,20.59060059
2002-12-25,17.14351807
2002-12-26,16.13695679
2002-12-27,16.50353394
2002-12-28,19.35268555
2002-12-29,21.69823608
2002-12-30,17.19899902
2002-12-31,18.48415527
2003-01-01,18.49306641
2003-01-02,17.11968384
2003-01-03,18.5213562
2003-01-04,18.47518311
2003-01-05,18.6418396
2003-01-06,20.0543457
2003-01-07,21.31203613
2003-01-08,19.03533325
2003-01-09,19.23830566
2003-01-10,18.11797485
2003-01-11,18.32943115
2003-01-12,16.87920532
2003-01-13,17.63500366
2003-01-14,17.44411621
2003-01-15,17.91555176
2003-01-16,17.42565308
2003-01-17,17.06688843
2003-01-18,17.54564819
2003-01-19,18.75667725
2003-01-20,18.97045288
2003-01-21,18.54845581
2003-01-22,20.55956421
2003-01-23,16.54851685
2003-01-24,14.51146851
2003-01-25,13.79470215
2003-01-26,17.74743042
2003-01-27,17.49044189
2003-01-28,18.10219727
2003-01-29,20.81905518
2003-01-30,20.92455444
2003-01-31,21.27889404
2003-02-01,20.5697876
2003-02-02,20.7333313
2003-02-03,21.04940186
2003-02-04,21.25713501
2003-02-05,20.47179565
2003-02-06,21.6032959
2003-02-07,21.42275391
2003-02-08,20.56853638
2003-02-09,21.57979736
2003-02-10,22.79674683
2003-02-11,23.4387146
2003-02-12,24.87328491
2003-02-13,24.53182373
2003-02-14,22.8071228
2003-02-15,21.25960693
2003-02-16,23.02492676
2003-02-17,23.03496704
2003-02-18,16.74978027
2003-02-19,22.8081604
2003-02-20,22.90871582
2003-02-21,23.23516235
2003-02-22,23.04125366
2003-02-23,24.56102905
2003-02-24,20.44115601
2003-02-25,18.87587891
2003-02-26,20.26271973
2003-02-27,16.61785278
2003-02-28,16.4210144
2003-03-01,19.03200684
2003-03-02,19.90007935
2003-03-03,21.02736816
2003-03-04,25.03441772
2003-03-05,25.20742188
2003-03-06,18.96682129
2003-03-07,18.50048218
2003-03-08,20.12404785
2003-03-09,23.04790649
2003-03-10,22.97277222
2003-03-11,22.38744507
2003-03-12,26.04812012
2003-03-13,28.69078979
2003-03-14,31.92855225
2003-03-15,33.76876221
2003-03-16,20.53731689
2003-03-17,21.44896851
2003-03-18,23.57216797
2003-03-19,21.4404541
2003-03-20,21.40587769
2003-03-21,26.58220825
2003-03-22,26.77230225
2003-03-23,23.4359375
2003-03-24,21.10915527
2003-03-25,21.51650391
2003-03-26,22.52999268
2003-03-27,32.23967896
2003-03-28,34.0949646
2003-03-29,20.80309448
2003-03-30,22.25371704
2003-03-31,24.71712646
2003-04-01,32.50606689
2003-04-02,38.28939209
2003-04-03,25.4269043
2003-04-04,34.57329712
2003-04-05,41.7708374
2003-04-06,21.10180054
2003-04-07,28.15038452
2003-04-08,27.44799194
2003-04-09,27.71132813
2003-04-10,31.0473877
2003-04-11,37.65178833
2003-04-12,27.66750488
2003-04-13,30.4661499
2003-04-14,33.84981689
2003-04-15,25.66188965
2003-04-16,29.76168213
2003-04-17,26.81313477
2003-04-18,25.47719727
2003-04-19,34.34295044
2003-04-20,34.16018066
2003-04-21,31.61651001
2003-04-22,26.99453125
2003-04-23,30.04754028
2003-04-24,31.99529419
2003-04-25,26.25393066
2003-04-26,26.8081604
2003-04-27,26.68709717
2003-04-28,30.65630493
2003-04-29,34.54140625
2003-04-30,35.44436035
2003-05-01,32.93578491
2003-05-02,30.35125122
2003-05-03,29.51503906
2003-05-04,30.26067505
2003-05-05,36.0793396
2003-05-06,30.94631348
2003-05-07,29.70482788
2003-05-08,29.97860107
2003-05-09,29.87145386
2003-05-10,28.80388794
2003-05-11,30.3555542
2003-05-12,31.40407715
2003-05-13,32.57320557
2003-05-14,33.47893677
2003-05-15,34.70092163
2003-05-16,35.93102417
2003-05-17,39.03603516
2003-05-18,39.81975708
2003-05-19,32.64077148
2003-05-20,28.35531006
2003-05-21,25.11379395
2003-05-22,26.80373535
2003-05-23,30.85564575
2003-05-24,32.07817993
2003-05-25,29.93810425
2003-05-26,27.81279907
2003-05-27,30.95818481
2003-05-28,33.96917114
2003-05-29,32.02434692
2003-05-30,32.01220093
2003-05-31,32.76830444
2003-06-01,32.53746948
2003-06-02,32.71636353
2003-06-03,31.89162598
2003-06-04,33.10927734
2003-06-05,34.24804077
2003-06-06,35.39266357
2003-06-07,36.82583008
2003-06-08,39.56322632
2003-06-09,41.17479858
2003-06-10,40.33748779
2003-06-11,41.53780518
2003-06-12,42.20906982
2003-06-13,43.66710815
2003-06-14,40.82106934
2003-06-15,36.69210205
2003-06-16,39.37166748
2003-06-17,40.4024292
2003-06-18,37.74181519
2003-06-19,40.72094116
2003-06-20,40.44796143
2003-06-21,38.06887207
2003-06-22,37.93688354
2003-06-23,43.77752075
2003-06-24,36.47408447
2003-06-25,38.35738525
2003-06-26,43.81429443
2003-06-27,46.60820923
2003-06-28,37.38872681
2003-06-29,34.29088745
2003-06-30,33.62630615
2003-07-01,33.31185303
2003-07-02,34.74471436
2003-07-03,35.45073853
2003-07-04,36.92348633
2003-07-05,39.28600464
2003-07-06,42.57131348
2003-07-07,38.36699829
2003-07-08,37.0357605
2003-07-09,37.9079834
2003-07-10,36.84627686
2003-07-11,35.88463745
2003-07-12,34.88662109
2003-07-13,36.54381714
2003-07-14,37.90090332
2003-07-15,38.45211182
2003-07-16,38.01653442
2003-07-17,37.23635254
2003-07-18,36.00142822
2003-07-19,36.8081604
2003-07-20,37.50643311
2003-07-21,37.73397217
2003-07-22,38.24428711
2003-07-23,38.01882324
2003-07-24,36.27889404
2003-07-25,34.37557373
2003-07-26,34.65712891
2003-07-27,35.67830811
2003-07-28,36.47872314
2003-07-29,36.39269409
2003-07-30,36.57775269
2003-07-31,37.43087158
2003-08-01,36.40587769
2003-08-02,36.60610352
2003-08-03,36.32137451
2003-08-04,36.1168457
2003-08-05,36.17034302
2003-08-06,35.29622803
2003-08-07,35.22417603
2003-08-08,35.60799561
2003-08-09,35.93120728
2003-08-10,35.74648438
2003-08-11,34.91713867
2003-08-12,33.58065186
2003-08-13,35.04116211
2003-08-14,38.46218262
2003-08-15,38.88240967
2003-08-16,36.94353638
2003-08-17,41.51571045
2003-08-18,42.36327515
2003-08-19,42.73827515
2003-08-20,44.50725708
2003-08-21,37.77355347
2003-08-22,35.54671631
2003-08-23,35.8281189
2003-08-24,35.10854492
2003-08-25,34.36760864
2003-08-26,34.05150757
2003-08-27,36.16515503
2003-08-28,36.4581543
2003-08-29,34.6741272
2003-08-30,34.68807373
2003-08-31,35.5541626
2003-09-01,35.41610107
2003-09-02,36.32784424
2003-09-03,35.6140686
2003-09-04,35.63955078
2003-09-05,35.32564697
2003-09-06,34.50353394
2003-09-07,35.24694214
2003-09-08,39.62810669
2003-09-09,44.1975647
2003-09-10,38.69573364
2003-09-11,34.91506348
2003-09-12,32.91347656
2003-09-13,36.41350708
2003-09-14,37.93242798
2003-09-15,41.73421631
2003-09-16,44.05223999
2003-09-17,43.8661438
2003-09-18,41.9510437
2003-09-19,43.09447632
2003-09-20,38.68602905
2003-09-21,38.18374023
2003-09-22,44.24376831
2003-09-23,35.74416504
2003-09-24,32.22414551
2003-09-25,32.76192627
2003-09-26,39.18023071
2003-09-27,31.85259399
2003-09-28,33.40908203
2003-09-29,36.21373901
2003-09-30,37.14299927
2003-10-01,36.61068115
2003-10-02,42.1116272
2003-10-03,39.90862427
2003-10-04,37.25393066
2003-10-05,35.20675049
2003-10-06,33.01152954
2003-10-07,33.0887085
2003-10-08,35.5887085
2003-10-09,30.52904663
2003-10-10,30.31224976
2003-10-11,33.95443115
2003-10-12,37.89501343
2003-10-13,40.09282837
2003-10-14,38.86065063
2003-10-15,38.17489014
2003-10-16,35.61119995
2003-10-17,33.5654541
2003-10-18,32.93798218
2003-10-19,30.35485229
2003-10-20,27.45296631
2003-10-21,26.4949585
2003-10-22,25.33434448
2003-10-23,26.83980713
2003-10-24,24.07982788
2003-10-25,25.03768311
2003-10-26,26.6166626
2003-10-27,28.61745605
2003-10-28,27.95064697
2003-10-29,23.4772583
2003-10-30,24.56221924
2003-10-31,24.06148682
2003-11-01,26.86470947
2003-11-02,29.26345215
2003-11-03,28.37462769
2003-11-04,25.68682251
2003-11-05,23.29528198
2003-11-06,25.48745117
2003-11-07,29.26769409
2003-11-08,28.96737061
2003-11-09,26.340448
2003-11-10,24.39376221
2003-11-11,26.56658325
2003-11-12,28.00316772
2003-11-13,28.40908203
2003-11-14,28.51442871
2003-11-15,28.88833008
2003-11-16,25.94399414
2003-11-17,20.50795898
2003-11-18,22.15426025
2003-11-19,21.72194824
2003-11-20,24.73760376
2003-11-21,24.7038208
2003-11-22,23.16585693
2003-11-23,20.69494019
2003-11-24,19.24456177
2003-11-25,18.78228149
2003-11-26,20.32161865
2003-11-27,23.12508545
2003-11-28,25.39962158
2003-11-29,26.3883606
2003-11-30,25.48739014
2003-12-01,21.1406189
2003-12-02,18.81511841
2003-12-03,18.88222656
2003-12-04,18.71993408
2003-12-05,20.33117065
2003-12-06,18.95354614
2003-12-07,18.14821777
2003-12-08,18.01015625
2003-12-09,16.68300781
2003-12-10,19.81887207
2003-12-11,20.64187012
2003-12-12,20.32695923
2003-12-13,20.23912964
2003-12-14,15.45241699
2003-12-15,14.9788147
2003-12-16,16.60360107
2003-12-17,16.7394043
2003-12-18,16.98998413
2003-12-19,17.6355835
2003-12-20,17.40044556
2003-12-21,17.71734009
2003-12-22,17.67049561
2003-12-23,16.7534729
2003-12-24,18.81322632
2003-12-25,17.74456177
2003-12-26,17.4494873
2003-12-27,18.17513428
2003-12-28,19.18148193
2003-12-29,18.00936279
2003-12-30,18.68679199
2003-12-31,18.23983154
2004-01-01,18.96541748
2004-01-02,22.92546997
2004-01-03,26.2026001
2004-01-04,23.4236084
2004-01-05,19.40841064
2004-01-06,18.18276367
2004-01-07,18.16613159
2004-01-08,18.86251221
2004-01-09,18.1274353
2004-01-10,17.44176636
2004-01-11,17.97588501
2004-01-12,18.15441284
2004-01-13,18.95848999
2004-01-14,18.30458984
2004-01-15,17.95012817
2004-01-16,17.69616089
2004-01-17,17.77153931
2004-01-18,18.3322998
2004-01-19,19.06203613
2004-01-20,20.18795166
2004-01-21,19.71108398
2004-01-22,18.80648193
2004-01-23,18.35021362
2004-01-24,19.07659302
2004-01-25,19.26027832
2004-01-26,18.82653198
2004-01-27,18.43831787
2004-01-28,19.2385498
2004-01-29,20.98552856
2004-01-30,21.80272827
2004-01-31,20.86489258
2004-02-01,22.43584595
2004-02-02,23.4505249
2004-02-03,24.80220947
2004-02-04,25.59023438
2004-02-05,23.55318604
2004-02-06,17.91585693
2004-02-07,16.91115723
2004-02-08,16.89031372
2004-02-09,19.13536987
2004-02-10,19.03667603
2004-02-11,17.32012329
2004-02-12,19.6512085
2004-02-13,20.01262817
2004-02-14,21.97786865
2004-02-15,20.4510437
2004-02-16,20.48363647
2004-02-17,21.00411377
2004-02-18,24.10524902
2004-02-19,23.2975708
2004-02-20,19.77974854
2004-02-21,18.00975952
2004-02-22,18.39605103
2004-02-23,17.82399902
2004-02-24,19.20821533
2004-02-25,19.8510376
2004-02-26,19.76549683
2004-02-27,22.74825439
2004-02-28,27.15911255
2004-02-29,19.68557129
2004-03-01,17.86983643
2004-03-02,18.74694214
2004-03-03,19.33651123
2004-03-04,20.50386963
2004-03-05,20.95296631
2004-03-06,24.20739136
2004-03-07,29.07787476
2004-03-08,33.30281982
2004-03-09,24.81255493
2004-03-10,21.08217773
2004-03-11,20.11168823
2004-03-12,22.46395264
2004-03-13,23.23400269
2004-03-14,24.67580566
2004-03-15,24.57439575
2004-03-16,25.04473267
2004-03-17,33.09993896
2004-03-18,22.65126953
2004-03-19,24.08638916
2004-03-20,21.59234009
2004-03-21,20.4916626
2004-03-22,22.84389648
2004-03-23,31.70165405
2004-03-24,29.22347412
2004-03-25,26.19460449
2004-03-26,37.13567505
2004-03-27,23.5850769
2004-03-28,26.73818359
2004-03-29,22.42705688
2004-03-30,27.47390137
2004-03-31,30.52355347
2004-04-01,26.49035034
2004-04-02,25.32079468
2004-04-03,27.37520752
2004-04-04,23.83236084
2004-04-05,25.1826416
2004-04-06,20.93187866
2004-04-07,24.97316895
2004-04-08,35.18895874
2004-04-09,23.26888428
2004-04-10,25.16710815
2004-04-11,24.90438232
2004-04-12,27.37655029
2004-04-13,24.05620728
2004-04-14,36.67504272
2004-04-15,31.79836426
2004-04-16,32.08855591
2004-04-17,27.22005615
2004-04-18,28.73427734
2004-04-19,26.86983643
2004-04-20,28.02907715
2004-04-21,26.7751709
2004-04-22,29.06859741
2004-04-23,36.4609314
2004-04-24,35.03862915
2004-04-25,36.8253418
2004-04-26,28.4848877
2004-04-27,26.53121338
2004-04-28,30.31237183
2004-04-29,37.00286255
2004-04-30,29.02929077
2004-05-01,31.8171936
2004-05-02,35.89428101
2004-05-03,24.50750122
2004-05-04,25.35942993
2004-05-05,24.32036743
2004-05-06,26.69500122
2004-05-07,30.60378418
2004-05-08,30.30993042
2004-05-09,28.87319336
2004-05-10,26.45064697
2004-05-11,30.11980591
2004-05-12,33.53643188
2004-05-13,31.87810669
2004-05-14,32.63024292
2004-05-15,30.98131714
2004-05-16,28.24376831
2004-05-17,28.4782959
2004-05-18,28.36837158
2004-05-19,30.04763184
2004-05-20,30.94396362
2004-05-21,33.86974487
2004-05-22,36.72319946
2004-05-23,29.97902832
2004-05-24,29.9336792
2004-05-25,25.18728027
2004-05-26,27.80770264
2004-05-27,29.49123535
2004-05-28,32.84139404
2004-05-29,33.17678223
2004-05-30,31.95144043
2004-05-31,30.87267456
2004-06-01,30.66716919
2004-06-02,30.44942627
2004-06-03,29.42223511
2004-06-04,30.24901733
2004-06-05,30.82366333
2004-06-06,31.72664795
2004-06-07,33.7421814
2004-06-08,33.67852173
2004-06-09,33.38955078
2004-06-10,34.04494629
2004-06-11,36.86126099
2004-06-12,37.55245361
2004-06-13,38.30449829
2004-06-14,39.50594482
2004-06-15,39.51531372
2004-06-16,38.91219482
2004-06-17,37.90783081
2004-06-18,38.32433472
2004-06-19,41.29512939
2004-06-20,43.72280273
2004-06-21,41.57454834
2004-06-22,41.76107178
2004-06-23,43.434198
2004-06-24,37.05925903
2004-06-25,36.30397949
2004-06-26,36.60466919
2004-06-27,37.24846802
2004-06-28,42.42580566
2004-06-29,49.13640747
2004-06-30,42.49941406
2004-07-01,37.90541992
2004-07-02,37.38079224
2004-07-03,38.48833618
2004-07-04,39.35115967
2004-07-05,39.05968628
2004-07-06,41.89501343
2004-07-07,41.96804199
2004-07-08,39.26534424
2004-07-09,37.79293213
2004-07-10,39.02163086
2004-07-11,37.5987793
2004-07-12,36.64663086
2004-07-13,37.815271
2004-07-14,38.06856689
2004-07-15,37.40355835
2004-07-16,38.15151367
2004-07-17,38.22039185
2004-07-18,39.82271729
2004-07-19,39.15706787
2004-07-20,39.43374023
2004-07-21,39.94619141
2004-07-22,40.36153564
2004-07-23,38.75634155
2004-07-24,36.84285889
2004-07-25,36.38137207
2004-07-26,36.62801514
2004-07-27,39.22384033
2004-07-28,38.49147949
2004-07-29,40.38027344
2004-07-30,40.9302002
2004-07-31,40.57113037
2004-08-01,40.89171753
2004-08-02,38.2449585
2004-08-03,36.67595825
2004-08-04,38.8197876
2004-08-05,37.29543457
2004-08-06,38.39840088
2004-08-07,38.55019531
2004-08-08,37.98284302
2004-08-09,37.01665649
2004-08-10,39.12313232
2004-08-11,39.70791016
2004-08-12,40.73119507
2004-08-13,32.55800781
2004-08-14,34.56228027
2004-08-15,35.62157593
2004-08-16,36.09072266
2004-08-17,37.87096558
2004-08-18,39.3746582
2004-08-19,40.62987671
2004-08-20,37.17434082
2004-08-21,34.14681396
2004-08-22,33.90126953
2004-08-23,34.76796875
2004-08-24,35.11422119
2004-08-25,32.65987549
2004-08-26,33.04042969
2004-08-27,35.02272949
2004-08-28,33.16484985
2004-08-29,34.03112183
2004-08-30,35.54873047
2004-08-31,35.9576355
2004-09-01,36.35189209
2004-09-02,37.49825439
2004-09-03,37.06481323
2004-09-04,33.55739746
2004-09-05,30.57845459
2004-09-06,30.28859863
2004-09-07,30.83275757
2004-09-08,32.11092529
2004-09-09,32.90911255
2004-09-10,32.8645874
2004-09-11,33.77233276
2004-09-12,33.04033813
2004-09-13,33.62963257
2004-09-14,32.08718262
2004-09-15,31.98046265
2004-09-16,32.90374146
2004-09-17,34.93691406
2004-09-18,36.90865479
2004-09-19,31.57021484
2004-09-20,29.84310303
2004-09-21,29.64534912
2004-09-22,31.68044434
2004-09-23,31.67849121
2004-09-24,32.32903442
2004-09-25,33.134729
2004-09-26,36.06514893
2004-09-27,42.03927002
2004-09-28,27.23928223
2004-09-29,25.29735718
2004-09-30,26.19341431
2004-10-01,29.35488281
2004-10-02,30.47512207
2004-10-03,29.9203125
2004-10-04,30.66192017
2004-10-05,29.84157715
2004-10-06,29.68276367
2004-10-07,30.68816528
2004-10-08,31.48504028
2004-10-09,29.19320068
2004-10-10,29.08861694
2004-10-11,31.37713013
2004-10-12,33.62227783
2004-10-13,33.98537598
2004-10-14,35.15444336
2004-10-15,36.84606323
2004-10-16,36.07039795
2004-10-17,34.60662231
2004-10-18,33.26201782
2004-10-19,31.11889038
2004-10-20,29.60692749
2004-10-21,27.76687012
2004-10-22,27.05285034
2004-10-23,27.2373291
2004-10-24,27.93407593
2004-10-25,28.33822021
2004-10-26,24.44396362
2004-10-27,20.58373413
2004-10-28,21.13063965
2004-10-29,25.33712158
2004-10-30,25.67785034
2004-10-31,26.57647095
2004-11-01,28.23272095
2004-11-02,28.08605347
2004-11-03,28.03533325
2004-11-04,26.92867432
2004-11-05,24.70873413
2004-11-06,21.7725769
2004-11-07,20.9381958
2004-11-08,19.28572998
2004-11-09,20.39940796
2004-11-10,20.63860474
2004-11-11,20.6302124
2004-11-12,20.14751587
2004-11-13,21.34349976
2004-11-14,23.54348145
2004-11-15,23.83779297
2004-11-16,21.7897583
2004-11-17,20.49797974
2004-11-18,23.51595459
2004-11-19,24.16661987
2004-11-20,20.01497803
2004-11-21,19.84703979
2004-11-22,20.22997437
2004-11-23,21.26311646
2004-11-24,19.89827881
2004-11-25,20.65197144
2004-11-26,19.9465271
2004-11-27,19.38039551
2004-11-28,18.28536377
2004-11-29,17.43032227
2004-11-30,17.3819519
2004-12-01,18.91698608
2004-12-02,18.50011597
2004-12-03,17.17833862
2004-12-04,17.08666382
2004-12-05,15.50945435
2004-12-06,21.36013184
2004-12-07,19.95968018
2004-12-08,20.15783081
2004-12-09,21.87090454
2004-12-10,18.64394531
2004-12-11,16.46825562
2004-12-12,16.82384644
2004-12-13,18.97014771
2004-12-14,18.98208008
2004-12-15,20.13207397
2004-12-16,21.15273438
2004-12-17,20.36113892
2004-12-18,19.80401001
2004-12-19,19.34795532
2004-12-20,16.87590942
2004-12-21,18.7857605
2004-12-22,18.82305298
2004-12-23,22.00884399
2004-12-24,23.3194519
2004-12-25,21.93383179
2004-12-26,18.86885986
2004-12-27,18.69588623
2004-12-28,18.25759277
2004-12-29,18.5859314
2004-12-30,19.2234436
2004-12-31,21.10146484
2005-01-01,21.24587402
2005-01-02,16.26146851
2005-01-03,18.39974365
2005-01-04,15.68105469
2005-01-05,19.72078857
2005-01-06,19.35003052
2005-01-07,18.95067749
2005-01-08,18.99752197
2005-01-09,17.48589478
2005-01-10,16.61583862
2005-01-11,15.82235107
2005-01-12,16.99395142
2005-01-13,18.08809814
2005-01-14,18.59969482
2005-01-15,19.49147949
2005-01-16,19.54299316
2005-01-17,19.42669067
2005-01-18,18.30825195
2005-01-19,16.71697388
2005-01-20,17.31142578
2005-01-21,19.40105591
2005-01-22,20.31417236
2005-01-23,19.99276123
2005-01-24,19.20501099
2005-01-25,16.6824585
2005-01-26,17.6295105
2005-01-27,19.33916626
2005-01-28,22.5630127
2005-01-29,25.15722046
2005-01-30,23.96764526
2005-01-31,28.14550171
2005-02-01,27.43728027
2005-02-02,19.09020386
2005-02-03,16.48424683
2005-02-04,16.5666748
2005-02-05,19.84804688
2005-02-06,19.49624023
2005-02-07,17.60280762
2005-02-08,19.20055542
2005-02-09,18.46404419
2005-02-10,19.71557007
2005-02-11,20.1585022
2005-02-12,18.89171753
2005-02-13,16.91182861
2005-02-14,20.38829956
2005-02-15,18.67342529
2005-02-16,22.85274658
2005-02-17,18.54207764
2005-02-18,17.00750122
2005-02-19,18.1506897
2005-02-20,19.18813477
2005-02-21,20.69677124
2005-02-22,21.33205566
2005-02-23,22.32064209
2005-02-24,22.16002808
2005-02-25,21.8019043
2005-02-26,21.73949585
2005-02-27,22.28005371
2005-02-28,23.61974487
2005-03-01,23.02660522
2005-03-02,20.68847046
2005-03-03,20.55269775
2005-03-04,20.85537109
2005-03-05,23.61931763
2005-03-06,27.40065918
2005-03-07,23.33422241
2005-03-08,21.38991699
2005-03-09,20.60756836
2005-03-10,22.8142334
2005-03-11,24.96856079
2005-03-12,19.88933716
2005-03-13,22.0725647
2005-03-14,22.02996216
2005-03-15,22.5772644
2005-03-16,24.67373047
2005-03-17,23.86901245
2005-03-18,27.55046997
2005-03-19,27.91851196
2005-03-20,29.19616089
2005-03-21,27.83184204
2005-03-22,29.47716675
2005-03-23,28.61403809
2005-03-24,27.48818359
2005-03-25,24.89718018
2005-03-26,22.87523804
2005-03-27,21.22103271
2005-03-28,23.9074646
2005-03-29,25.33269653
2005-03-30,26.85875854
2005-03-31,29.54152832
2005-04-01,28.8456665
2005-04-02,27.74212036
2005-04-03,27.69121704
2005-04-04,29.47036133
2005-04-05,22.04604492
2005-04-06,24.41732178
2005-04-07,21.06871948
2005-04-08,21.54070435
2005-04-09,23.38823853
2005-04-10,21.59130249
2005-04-11,23.97176514
2005-04-12,29.31539307
2005-04-13,34.28060303
2005-04-14,39.99712524
2005-04-15,40.28225098
2005-04-16,24.71660767
2005-04-17,22.61385498
2005-04-18,21.91185913
2005-04-19,24.48580322
2005-04-20,29.19783936
2005-04-21,35.37804565
2005-04-22,37.58855591
2005-04-23,38.34798584
2005-04-24,39.49099121
2005-04-25,39.95946655
2005-04-26,38.34816895
2005-04-27,35.20412598
2005-04-28,35.22139893
2005-04-29,39.56063232
2005-04-30,31.88808594
2005-05-01,28.20406494
2005-05-02,29.2973877
2005-05-03,28.48693237
2005-05-04,28.95287476
2005-05-05,33.7852417
2005-05-06,25.87557373
2005-05-07,26.02547607
2005-05-08,26.72503052
2005-05-09,28.21407471
2005-05-10,28.2257019
2005-05-11,32.0317627
2005-05-12,37.8645874
2005-05-13,31.76616821
2005-05-14,38.91384277
2005-05-15,28.82442627
2005-05-16,33.43221436
2005-05-17,41.97179565
2005-05-18,33.98818359
2005-05-19,31.43798218
2005-05-20,31.56627808
2005-05-21,36.02776489
2005-05-22,41.71816406
2005-05-23,39.17055664
2005-05-24,31.76226196
2005-05-25,30.25182495
2005-05-26,30.31835327
2005-05-27,31.29784546
2005-05-28,31.87508545
2005-05-29,32.0262085
2005-05-30,32.98653564
2005-05-31,33.16741333
2005-06-01,34.92177734
2005-06-02,35.96938477
2005-06-03,35.86174927
2005-06-04,35.86672363
2005-06-05,36.10912476
2005-06-06,35.79567871
2005-06-07,35.9885498
2005-06-08,35.88933716
2005-06-09,36.7317749
2005-06-10,37.38259277
2005-06-11,36.496698
2005-06-12,37.71782837
2005-06-13,41.06859741
2005-06-14,41.27471313
2005-06-15,39.8088623
2005-06-16,41.49041138
2005-06-17,40.23616943
2005-06-18,38.44069824
2005-06-19,37.57235107
2005-06-20,35.8270813
2005-06-21,34.68831787
2005-06-22,34.64428101
2005-06-23,34.83782349
2005-06-24,35.01571045
2005-06-25,37.00878296
2005-06-26,36.77114258
2005-06-27,38.06942139
2005-06-28,38.53063354
2005-06-29,38.26989136
2005-06-30,38.87832031
2005-07-01,38.13381348
2005-07-02,39.88042603
2005-07-03,42.27098999
2005-07-04,42.31865845
2005-07-05,41.77965698
2005-07-06,42.88515625
2005-07-07,40.58321533
2005-07-08,39.36351929
2005-07-09,40.01546631
2005-07-10,39.07714233
2005-07-11,38.53371582
2005-07-12,38.14098511
2005-07-13,39.18108521
2005-07-14,41.27407227
2005-07-15,41.99682007
2005-07-16,40.41634521
2005-07-17,40.74138794
2005-07-18,39.88622437
2005-07-19,40.75606689
2005-07-20,41.09829102
2005-07-21,38.69552002
2005-07-22,37.81542358
2005-07-23,37.73931274
2005-07-24,38.24373779
2005-07-25,39.47362671
2005-07-26,39.82686768
2005-07-27,35.71880493
2005-07-28,36.08348999
2005-07-29,37.59435425
2005-07-30,40.44481812
2005-07-31,40.84963379
2005-08-01,39.92623291
2005-08-02,38.81380615
2005-08-03,37.33950195
2005-08-04,36.56633911
2005-08-05,35.78051147
2005-08-06,35.53945313
2005-08-07,36.59942017
2005-08-08,37.51845703
2005-08-09,39.18102417
2005-08-10,41.62557373
2005-08-11,41.66976318
2005-08-12,39.17858276
2005-08-13,37.57906494
2005-08-14,35.78005371
2005-08-15,33.87801514
2005-08-16,35.72661743
2005-08-17,36.21590576
2005-08-18,36.44274292
2005-08-19,36.45681152
2005-08-20,36.28624878
2005-08-21,37.87587891
2005-08-22,37.80343018
2005-08-23,38.25643311
2005-08-24,38.25795898
2005-08-25,37.71260986
2005-08-26,38.02211914
2005-08-27,36.41799316
2005-08-28,35.80181274
2005-08-29,35.13863525
2005-08-30,35.9132019
2005-08-31,34.97359619
2005-09-01,34.35888062
2005-09-02,34.7640625
2005-09-03,36.52114258
2005-09-04,37.74212036
2005-09-05,34.74157104
2005-09-06,35.96895752
2005-09-07,40.15050659
2005-09-08,34.50151978
2005-09-09,30.76287231
2005-09-10,32.42583618
2005-09-11,34.89977417
2005-09-12,36.7187439
2005-09-13,36.97652588
2005-09-14,35.34768066
2005-09-15,38.61715088
2005-09-16,37.98900757
2005-09-17,40.9800354
2005-09-18,43.76952515
2005-09-19,37.61339722
2005-09-20,33.91335449
2005-09-21,35.90169678
2005-09-22,35.3845459
2005-09-23,34.55275879
2005-09-24,33.39562378
2005-09-25,34.50097046
2005-09-26,37.03762207
2005-09-27,37.65892944
2005-09-28,36.60244141
2005-09-29,35.13399658
2005-09-30,35.78408203
2005-10-01,37.3427063
2005-10-02,38.41689453
2005-10-03,37.271875
2005-10-04,37.85933838
2005-10-05,38.79732666
2005-10-06,38.40471802
2005-10-07,36.73851929
2005-10-08,34.10250244
2005-10-09,31.35482178
2005-10-10,29.96489868
2005-10-11,26.937677
2005-10-12,26.86586914
2005-10-13,28.23464355
2005-10-14,28.37145386
2005-10-15,27.08959351
2005-10-16,27.75270996
2005-10-17,29.15731201
2005-10-18,31.26430664
2005-10-19,26.42223511
2005-10-20,21.24129639
2005-10-21,22.02224121
2005-10-22,22.52541504
2005-10-23,23.27861938
2005-10-24,23.76137695
2005-10-25,25.23418579
2005-10-26,24.38109741
2005-10-27,23.17888794
2005-10-28,22.75924072
2005-10-29,22.08291016
2005-10-30,22.99727783
2005-10-31,23.90895996
2005-11-01,24.04122314
2005-11-02,25.28011475
2005-11-03,26.85674438
2005-11-04,25.06051025
2005-11-05,23.77626953
2005-11-06,24.98131714
2005-11-07,27.84237061
2005-11-08,29.83382568
2005-11-09,30.79073486
2005-11-10,27.68337402
2005-11-11,25.06566772
2005-11-12,24.35415039
2005-11-13,24.26049194
2005-11-14,22.98186646
2005-11-15,20.1737915
2005-11-16,21.68328247
2005-11-17,24.44927368
2005-11-18,24.18068848
2005-11-19,23.97826538
2005-11-20,22.56228027
2005-11-21,20.96135864
2005-11-22,18.106073
2005-11-23,17.85796509
2005-11-24,19.12822876
2005-11-25,19.74761353
2005-11-26,18.71984253
2005-11-27,16.29384766
2005-11-28,18.53667603
2005-11-29,17.63384399
2005-11-30,18.58526001
2005-12-01,18.85769043
2005-12-02,19.51607666
2005-12-03,22.02819214
2005-12-04,16.44341431
2005-12-05,18.78917847
2005-12-06,19.08284912
2005-12-07,19.38604126
2005-12-08,15.72817383
2005-12-09,17.32155762
2005-12-10,21.45443115
2005-12-11,22.21065674
2005-12-12,21.49035034
2005-12-13,22.06081543
2005-12-14,24.00716553
2005-12-15,27.64138184
2005-12-16,29.33657227
2005-12-17,28.67388306
2005-12-18,21.29714355
2005-12-19,20.2706543
2005-12-20,18.50216064
2005-12-21,19.27160034
2005-12-22,21.2940918
2005-12-23,21.12352905
2005-12-24,18.9460083
2005-12-25,17.29900513
2005-12-26,20.48308716
2005-12-27,21.54189453
2005-12-28,20.53109131
2005-12-29,19.44939575
2005-12-30,22.87020264
